Component,Origin,License,Copyright
addr2line,https://github.com/gimli-rs/addr2line,Apache-2.0 OR MIT,The addr2line Authors
adler,https://github.com/jonas-schievink/adler,0BSD OR MIT OR Apache-2.0,Jonas Schievink <jonasschievink@gmail.com>
android-tzdata,https://github.com/RumovZ/android-tzdata,MIT OR Apache-2.0,RumovZ
android_system_properties,https://github.com/nical/android_system_properties,MIT OR Apache-2.0,Nicolas Silva <nical@fastmail.com>
anyhow,https://github.com/dtolnay/anyhow,MIT OR Apache-2.0,David Tolnay <dtolnay@gmail.com>
async-trait,https://github.com/dtolnay/async-trait,MIT OR Apache-2.0,David Tolnay <dtolnay@gmail.com>
backtrace,https://github.com/rust-lang/backtrace-rs,MIT OR Apache-2.0,The Rust Project Developers
base64,https://github.com/marshallpierce/rust-base64,MIT OR Apache-2.0,"Alice Maz <alice@alicemaz.com>, Marshall Pierce <marshall@mpierce.org>"
bitflags,https://github.com/bitflags/bitflags,MIT OR Apache-2.0,The Rust Project Developers
bumpalo,https://github.com/fitzgen/bumpalo,MIT OR Apache-2.0,Nick Fitzgerald <fitzgen@gmail.com>
bytes,https://github.com/tokio-rs/bytes,MIT,"Carl Lerche <me@carllerche.com>, Sean McArthur <sean@seanmonstar.com>"
cfg-if,https://github.com/alexcrichton/cfg-if,MIT OR Apache-2.0,Alex Crichton <alex@alexcrichton.com>
chrono,https://github.com/chronotope/chrono,MIT OR Apache-2.0,The chrono Authors
core-foundation,https://github.com/servo/core-foundation-rs,MIT OR Apache-2.0,The Servo Project Developers
darling,https://github.com/TedDriggs/darling,MIT,Ted Driggs <ted.driggs@outlook.com>
deranged,https://github.com/jhpratt/deranged,MIT OR Apache-2.0,Jacob Pratt <jacob@jhpratt.dev>
encoding_rs,https://github.com/hsivonen/encoding_rs,(Apache-2.0 OR MIT) AND BSD-3-Clause,Henri Sivonen <hsivonen@hsivonen.fi>
equivalent,https://github.com/cuviper/equivalent,Apache-2.0 OR MIT,The equivalent Authors
errno,https://github.com/lambda-fairy/rust-errno,MIT OR Apache-2.0,Chris Wong <lambda.fairy@gmail.com>
fastrand,https://github.com/smol-rs/fastrand,Apache-2.0 OR MIT,Stjepan Glavina <stjepang@gmail.com>
fnv,https://github.com/servo/rust-fnv,Apache-2.0  OR  MIT,Alex Crichton <alex@alexcrichton.com>
foreign-types,https://github.com/sfackler/foreign-types,MIT OR Apache-2.0,Steven Fackler <sfackler@gmail.com>
futures,https://github.com/rust-lang/futures-rs,MIT OR Apache-2.0,The futures Authors
futures-channel,https://github.com/rust-lang/futures-rs,MIT OR Apache-2.0,The futures-channel Authors
futures-core,https://github.com/rust-lang/futures-rs,MIT OR Apache-2.0,The futures-core Authors
futures-executor,https://github.com/rust-lang/futures-rs,MIT OR Apache-2.0,The futures-executor Authors
futures-io,https://github.com/rust-lang/futures-rs,MIT OR Apache-2.0,The futures-io Authors
futures-macro,https://github.com/rust-lang/futures-rs,MIT OR Apache-2.0,The futures-macro Authors
futures-sink,https://github.com/rust-lang/futures-rs,MIT OR Apache-2.0,The futures-sink Authors
futures-task,https://github.com/rust-lang/futures-rs,MIT OR Apache-2.0,The futures-task Authors
futures-util,https://github.com/rust-lang/futures-rs,MIT OR Apache-2.0,The futures-util Authors
gimli,https://github.com/gimli-rs/gimli,MIT OR Apache-2.0,The gimli Authors
h2,https://github.com/hyperium/h2,MIT,"Carl Lerche <me@carllerche.com>, Sean McArthur <sean@seanmonstar.com>"
hashbrown,https://github.com/rust-lang/hashbrown,MIT OR Apache-2.0,Amanieu d'Antras <amanieu@gmail.com>
hermit-abi,https://github.com/hermitcore/hermit-rs,MIT OR Apache-2.0,Stefan Lankes
hex,https://github.com/KokaKiwi/rust-hex,MIT OR Apache-2.0,KokaKiwi <kokakiwi@kokakiwi.net>
http,https://github.com/hyperium/http,MIT OR Apache-2.0,"Alex Crichton <alex@alexcrichton.com>, Carl Lerche <me@carllerche.com>, Sean McArthur <sean@seanmonstar.com>"
http-body,https://github.com/hyperium/http-body,MIT,"Carl Lerche <me@carllerche.com>, Lucio Franco <luciofranco14@gmail.com>, Sean McArthur <sean@seanmonstar.com>"
httparse,https://github.com/seanmonstar/httparse,MIT OR Apache-2.0,Sean McArthur <sean@seanmonstar.com>
httpdate,https://github.com/pyfisch/httpdate,MIT OR Apache-2.0,Pyfisch <pyfisch@posteo.org>
hyper,https://github.com/hyperium/hyper,MIT,Sean McArthur <sean@seanmonstar.com>
hyper-tls,https://github.com/hyperium/hyper-tls,MIT OR Apache-2.0,Sean McArthur <sean@seanmonstar.com>
iana-time-zone,https://github.com/strawlab/iana-time-zone,MIT OR Apache-2.0,"Andrew Straw <strawman@astraw.com>, René Kijewski <rene.kijewski@fu-berlin.de>, Ryan Lopopolo <rjl@hyperbo.la>"
iana-time-zone-haiku,https://github.com/strawlab/iana-time-zone,MIT OR Apache-2.0,René Kijewski <crates.io@k6i.de>
ident_case,https://github.com/TedDriggs/ident_case,MIT OR Apache-2.0,Ted Driggs <ted.driggs@outlook.com>
indexmap,https://github.com/indexmap-rs/indexmap,Apache-2.0 OR MIT,The indexmap Authors
ipnet,https://github.com/krisprice/ipnet,MIT OR Apache-2.0,Kris Price <kris@krisprice.nz>
itoa,https://github.com/dtolnay/itoa,MIT OR Apache-2.0,David Tolnay <dtolnay@gmail.com>
js-sys,https://github.com/rustwasm/wasm-bindgen/tree/master/crates/js-sys,MIT OR Apache-2.0,The wasm-bindgen Developers
lazy_static,https://github.com/rust-lang-nursery/lazy-static.rs,MIT OR Apache-2.0,Marvin Löbel <loebel.marvin@gmail.com>
libc,https://github.com/rust-lang/libc,MIT OR Apache-2.0,The Rust Project Developers
linux-raw-sys,https://github.com/sunfishcode/linux-raw-sys,Apache-2.0 WITH LLVM-exception OR Apache-2.0 OR MIT,Dan Gohman <dev@sunfishcode.online>
log,https://github.com/rust-lang/log,MIT OR Apache-2.0,The Rust Project Developers
memchr,https://github.com/BurntSushi/memchr,Unlicense OR MIT,"Andrew Gallant <jamslam@gmail.com>, bluss"
mime,https://github.com/hyperium/mime,MIT OR Apache-2.0,Sean McArthur <sean@seanmonstar.com>
mime_guess,https://github.com/abonander/mime_guess,MIT,Austin Bonander <austin.bonander@gmail.com>
miniz_oxide,https://github.com/Frommi/miniz_oxide/tree/master/miniz_oxide,MIT OR Zlib OR Apache-2.0,"Frommi <daniil.liferenko@gmail.com>, oyvindln <oyvindln@users.noreply.github.com>"
mio,https://github.com/tokio-rs/mio,MIT,"Carl Lerche <me@carllerche.com>, Thomas de Zeeuw <thomasdezeeuw@gmail.com>, Tokio Contributors <team@tokio.rs>"
native-tls,https://github.com/sfackler/rust-native-tls,MIT OR Apache-2.0,Steven Fackler <sfackler@gmail.com>
num-conv,https://github.com/jhpratt/num-conv,MIT OR Apache-2.0,Jacob Pratt <jacob@jhpratt.dev>
num-traits,https://github.com/rust-num/num-traits,MIT OR Apache-2.0,The Rust Project Developers
num_cpus,https://github.com/seanmonstar/num_cpus,MIT OR Apache-2.0,Sean McArthur <sean@seanmonstar.com>
object,https://github.com/gimli-rs/object,Apache-2.0 OR MIT,The object Authors
once_cell,https://github.com/matklad/once_cell,MIT OR Apache-2.0,Aleksey Kladov <aleksey.kladov@gmail.com>
openssl,https://github.com/sfackler/rust-openssl,Apache-2.0,Steven Fackler <sfackler@gmail.com>
openssl-macros,https://github.com/sfackler/rust-openssl,MIT OR Apache-2.0,The openssl-macros Authors
openssl-probe,https://github.com/alexcrichton/openssl-probe,MIT OR Apache-2.0,Alex Crichton <alex@alexcrichton.com>
openssl-sys,https://github.com/sfackler/rust-openssl,MIT,"Alex Crichton <alex@alexcrichton.com>, Steven Fackler <sfackler@gmail.com>"
pin-project-lite,https://github.com/taiki-e/pin-project-lite,Apache-2.0 OR MIT,The pin-project-lite Authors
pin-utils,https://github.com/rust-lang-nursery/pin-utils,MIT OR Apache-2.0,Josef Brandl <mail@josefbrandl.de>
powerfmt,https://github.com/jhpratt/powerfmt,MIT OR Apache-2.0,Jacob Pratt <jacob@jhpratt.dev>
proc-macro2,https://github.com/dtolnay/proc-macro2,MIT OR Apache-2.0,"David Tolnay <dtolnay@gmail.com>, Alex Crichton <alex@alexcrichton.com>"
quote,https://github.com/dtolnay/quote,MIT OR Apache-2.0,David Tolnay <dtolnay@gmail.com>
reqwest,https://github.com/seanmonstar/reqwest,MIT OR Apache-2.0,Sean McArthur <sean@seanmonstar.com>
reqwest-middleware,https://github.com/TrueLayer/reqwest-middleware,MIT OR Apache-2.0,Rodrigo Gryzinski <rodrigo.gryzinski@truelayer.com>
rustc-demangle,https://github.com/alexcrichton/rustc-demangle,MIT OR Apache-2.0,Alex Crichton <alex@alexcrichton.com>
rustix,https://github.com/bytecodealliance/rustix,Apache-2.0 WITH LLVM-exception OR Apache-2.0 OR MIT,"Dan Gohman <dev@sunfishcode.online>, Jakub Konka <kubkon@jakubkonka.com>"
rustls-pemfile,https://github.com/rustls/pemfile,Apache-2.0 OR ISC OR MIT,The rustls-pemfile Authors
ryu,https://github.com/dtolnay/ryu,Apache-2.0 OR BSL-1.0,David Tolnay <dtolnay@gmail.com>
schannel,https://github.com/steffengy/schannel-rs,MIT,"Steven Fackler <sfackler@gmail.com>, Steffen Butzer <steffen.butzer@outlook.com>"
security-framework,https://github.com/kornelski/rust-security-framework,MIT OR Apache-2.0,"Steven Fackler <sfackler@gmail.com>, Kornel <kornel@geekhood.net>"
serde,https://github.com/serde-rs/serde,MIT OR Apache-2.0,"Erick Tryzelaar <erick.tryzelaar@gmail.com>, David Tolnay <dtolnay@gmail.com>"
serde_json,https://github.com/serde-rs/json,MIT OR Apache-2.0,"Erick Tryzelaar <erick.tryzelaar@gmail.com>, David Tolnay <dtolnay@gmail.com>"
serde_repr,https://github.com/dtolnay/serde-repr,MIT OR Apache-2.0,David Tolnay <dtolnay@gmail.com>
serde_urlencoded,https://github.com/nox/serde_urlencoded,MIT OR Apache-2.0,Anthony Ramine <n.oxyde@gmail.com>
serde_with,https://github.com/jonasbb/serde_with,MIT OR Apache-2.0,"Jonas Bushart, Marcin Kaźmierczak"
serde_with_macros,https://github.com/jonasbb/serde_with,MIT OR Apache-2.0,Jonas Bushart
slab,https://github.com/tokio-rs/slab,MIT,Carl Lerche <me@carllerche.com>
socket2,https://github.com/rust-lang/socket2,MIT OR Apache-2.0,"Alex Crichton <alex@alexcrichton.com>, Thomas de Zeeuw <thomasdezeeuw@gmail.com>"
strsim,https://github.com/dguo/strsim-rs,MIT,Danny Guo <danny@dannyguo.com>
syn,https://github.com/dtolnay/syn,MIT OR Apache-2.0,David Tolnay <dtolnay@gmail.com>
sync_wrapper,https://github.com/Actyx/sync_wrapper,Apache-2.0,Actyx AG <developer@actyx.io>
system-configuration,https://github.com/mullvad/system-configuration-rs,MIT OR Apache-2.0,Mullvad VPN
task-local-extensions,https://github.com/TrueLayer/task-local-extensions,MIT OR Apache-2.0,"Conrad Ludgate <conrad.ludgate@truelayer.com>, Rodrigo Gryzinski <rodrigo.gryzinski@truelayer.com>"
tempfile,https://github.com/Stebalien/tempfile,MIT OR Apache-2.0,"Steven Allen <steven@stebalien.com>, The Rust Project Developers, Ashley Mannix <ashleymannix@live.com.au>, Jason White <me@jasonwhite.io>"
thiserror,https://github.com/dtolnay/thiserror,MIT OR Apache-2.0,David Tolnay <dtolnay@gmail.com>
time,https://github.com/time-rs/time,MIT OR Apache-2.0,"Jacob Pratt <open-source@jhpratt.dev>, Time contributors"
tinyvec,https://github.com/Lokathor/tinyvec,Zlib OR Apache-2.0 OR MIT,Lokathor <zefria@gmail.com>
tinyvec_macros,https://github.com/Soveu/tinyvec_macros,MIT OR Apache-2.0 OR Zlib,Soveu <marx.tomasz@gmail.com>
tokio,https://github.com/tokio-rs/tokio,MIT,Tokio Contributors <team@tokio.rs>
tokio-native-tls,https://github.com/tokio-rs/tls,MIT,Tokio Contributors <team@tokio.rs>
tower-service,https://github.com/tower-rs/tower,MIT,Tower Maintainers <team@tower-rs.com>
tracing,https://github.com/tokio-rs/tracing,MIT,"Eliza Weisman <eliza@buoyant.io>, Tokio Contributors <team@tokio.rs>"
tracing-attributes,https://github.com/tokio-rs/tracing,MIT,"Tokio Contributors <team@tokio.rs>, Eliza Weisman <eliza@buoyant.io>, David Barsky <dbarsky@amazon.com>"
tracing-core,https://github.com/tokio-rs/tracing,MIT,Tokio Contributors <team@tokio.rs>
try-lock,https://github.com/seanmonstar/try-lock,MIT,Sean McArthur <sean@seanmonstar.com>
unicase,https://github.com/seanmonstar/unicase,MIT OR Apache-2.0,Sean McArthur <sean@seanmonstar.com>
unicode-bidi,https://github.com/servo/unicode-bidi,MIT OR Apache-2.0,The Servo Project Developers
unicode-ident,https://github.com/dtolnay/unicode-ident,(MIT OR Apache-2.0) AND Unicode-DFS-2016,David Tolnay <dtolnay@gmail.com>
unicode-normalization,https://github.com/unicode-rs/unicode-normalization,MIT OR Apache-2.0,"kwantam <kwantam@gmail.com>, Manish Goregaokar <manishsmail@gmail.com>"
url,https://github.com/servo/rust-url,MIT OR Apache-2.0,The rust-url developers
want,https://github.com/seanmonstar/want,MIT,Sean McArthur <sean@seanmonstar.com>
wasi,https://github.com/bytecodealliance/wasi,Apache-2.0 WITH LLVM-exception OR Apache-2.0 OR MIT,The Cranelift Project Developers
wasm-bindgen,https://github.com/rustwasm/wasm-bindgen,MIT OR Apache-2.0,The wasm-bindgen Developers
wasm-bindgen-backend,https://github.com/rustwasm/wasm-bindgen/tree/master/crates/backend,MIT OR Apache-2.0,The wasm-bindgen Developers
wasm-bindgen-futures,https://github.com/rustwasm/wasm-bindgen/tree/master/crates/futures,MIT OR Apache-2.0,The wasm-bindgen Developers
wasm-bindgen-macro,https://github.com/rustwasm/wasm-bindgen/tree/master/crates/macro,MIT OR Apache-2.0,The wasm-bindgen Developers
wasm-bindgen-macro-support,https://github.com/rustwasm/wasm-bindgen/tree/master/crates/macro-support,MIT OR Apache-2.0,The wasm-bindgen Developers
wasm-bindgen-shared,https://github.com/rustwasm/wasm-bindgen/tree/master/crates/shared,MIT OR Apache-2.0,The wasm-bindgen Developers
web-sys,https://github.com/rustwasm/wasm-bindgen/tree/master/crates/web-sys,MIT OR Apache-2.0,The wasm-bindgen Developers
windows-core,https://github.com/microsoft/windows-rs,MIT OR Apache-2.0,Microsoft
windows-sys,https://github.com/microsoft/windows-rs,MIT OR Apache-2.0,Microsoft
windows-targets,https://github.com/microsoft/windows-rs,MIT OR Apache-2.0,Microsoft
windows_aarch64_gnullvm,https://github.com/microsoft/windows-rs,MIT OR Apache-2.0,Microsoft
windows_aarch64_msvc,https://github.com/microsoft/windows-rs,MIT OR Apache-2.0,Microsoft
windows_i686_gnu,https://github.com/microsoft/windows-rs,MIT OR Apache-2.0,Microsoft
windows_i686_msvc,https://github.com/microsoft/windows-rs,MIT OR Apache-2.0,Microsoft
windows_x86_64_gnu,https://github.com/microsoft/windows-rs,MIT OR Apache-2.0,Microsoft
windows_x86_64_gnullvm,https://github.com/microsoft/windows-rs,MIT OR Apache-2.0,Microsoft
windows_x86_64_msvc,https://github.com/microsoft/windows-rs,MIT OR Apache-2.0,Microsoft
winreg,https://github.com/gentoo90/winreg-rs,MIT,Igor Shaula <gentoo90@gmail.com>
